,privatekey,address
0,0xddcbc64ec82c24c658b94d63f519a3d539c2d95caeb1639b1a401090d838a350,0x5183eaf6ae9b04502ca3f3318b43cda0bc4a66e5
1,0xddcbc64ec82c24c658b94d63f519a3d539c2d95caeb1639b1a401090d838a351,0x6448210f6c0399fb2b7b2606eccb2d0b5ece2819
2,0xddcbc64ec82c24c658b94d63f519a3d539c2d95caeb1639b1a401090d838a352,0x3bfc5e1297691176cab3068f56bb00c7705176c0
3,0xddcbc64ec82c24c658b94d63f519a3d539c2d95caeb1639b1a401090d838a353,0xbd3dc76057e04e9e6922638056c05f8c69470fd0
4,0xddcbc64ec82c24c658b94d63f519a3d539c2d95caeb1639b1a401090d838a354,0x066284963460336a07db77174ff4ca0e99c838be
5,0xddcbc64ec82c24c658b94d63f519a3d539c2d95caeb1639b1a401090d838a355,0x9e4f6ee69816e709308479cd46eadb0a9d3a39a4
6,0xddcbc64ec82c24c658b94d63f519a3d539c2d95caeb1639b1a401090d838a356,0x330c766402345f3175e88748ba38537870a072cc
7,0xddcbc64ec82c24c658b94d63f519a3d539c2d95caeb1639b1a401090d838a357,0xe1582d1185ecde904c5364fa09efbc3dcbe1a184
8,0xddcbc64ec82c24c658b94d63f519a3d539c2d95caeb1639b1a401090d838a358,0x7018b9cf5d4fae9b10b938e8348b9657515549d8
